Dependent Variable,Protected Class Variable,Disparate Impact
G1,Age,0.6973705325416658
G2,Age,0.7980356046654389
G3,Age,0.8356616179652543
G1,Sex,0.8080788706460027
G2,Sex,0.7720932766699357
G3,Sex,0.7674969361730317
