Independent Variable,Metric,Original,Transformed,Difference
Sex,Statistical Parity Difference,-0.1408341114223467,-0.03395992883112864,-0.10687418259121806
Sex,Disparate Impact,0.7580213903743316,0.9392639734366354,-0.18124258306230379
