Independent Variable,Metric,Original,Transformed,Difference
Sex,Statistical Parity Difference,-0.08560600140657965,-0.11189625718279234,0.02629025577621269
Sex,Disparate Impact,0.8499931534985623,0.7937598397023043,0.056233313796257955
