Independent Variable,Metric,Original,Transformed,Difference
Sex,Statistical Parity Difference,-0.16077361177028954,-0.13547758284600386,-0.025296028924285674
Sex,Disparate Impact,0.7109024962662683,0.7722058341527368,-0.06130333788646847
