Dependent Variable,Protected Class Variable,Statistical Parity Difference
G1,Age,-0.15584124285781736
G2,Age,-0.10486612834679138
G3,Age,-0.09235255229730366
G1,Sex,-0.0982155126720195
G2,Sex,-0.12317674080763269
G3,Sex,-0.13780207699405167
